epoch,train_loss,train_dice,val_loss,val_dice,sure_s
1,0.42484987136160973,0.02657918243807539,0.3414528965950012,0.0,42.5
2,0.31532012708116286,0.0012748877053742947,0.3010670380158858,0.0,43.7
3,0.28755788047714986,0.0,0.2757010893388228,0.0,44.1
4,0.26600418291469613,5.902171254833455e-05,0.25018317861990497,0.0,44.1
5,0.24445578957548236,0.0018139707979343922,0.23219068212942642,0.009884074376847672,44.3
6,0.22713773026324735,0.06364716614985873,0.2185620286247947,0.06827834293874785,44.5
7,0.21410618766699688,0.11111629027296505,1.5841982039538296,0.12947753328811532,44.7
8,0.20446979940527737,0.24654515930393778,0.1857216927138242,0.07301257070680336,44.8
9,0.18814997625823068,0.25129216061548737,0.1863470497456464,0.4237954299053789,44.9
10,0.17742577682037164,0.23904823113301596,0.16487166827375238,0.35034511050643485,45.1
11,0.16778243856854957,0.26968524575435954,0.15500028837810864,0.34448088528171034,45.4
12,0.1603974058191375,0.31449133534008555,0.19338835098526694,0.41071874747887444,45.5
13,0.15358619790266057,0.31046963574398917,0.14005224813114514,0.17848987054520993,45.3
14,0.14472253487841918,0.3448392138670143,0.18264265087517825,0.43974524511297924,45.4
15,0.14207869576345575,0.343873717805482,0.1670960228551518,0.42591426449936703,45.2
16,0.13969592927115979,0.24784673972295493,0.1151669668880376,0.406627464381294,44.4
17,0.12956537970221868,0.35474745653030587,0.12136188691312616,0.3076442340026872,44.8
18,0.12518559130701687,0.37426087334105945,0.15118948844346133,0.48043375871837035,45.3
19,0.12334802820540891,0.3625343819825644,0.11382667313922536,0.43659975741135676,45.3
20,0.11665681993017102,0.41958806382662783,0.10326796228235419,0.38135195228813384,45.2
21,0.11480015848237689,0.4152080922938027,0.12525540183890949,0.4939953747606832,45.4
22,0.11182319395022818,0.4208448488531399,0.2089509218931198,0.3197377380665712,45.4
23,0.11136345653840811,0.39317140637584796,0.11099038476293738,0.5326707379718161,44.6
24,0.10645616954506033,0.46051846243813466,0.10626372830434279,0.489020835393276,44.8
25,0.10367408247277288,0.4695934860236215,0.09985065392472527,0.16796334162704057,45.1
26,0.10207518772913678,0.4368276934482666,0.09818683700128035,0.29197414360435187,45.4
27,0.09982197569443448,0.47566490510843956,0.14967570115219464,0.48410506750496934,45.1
28,0.095951577962035,0.496424402947432,0.10533033175901933,0.49830483016048016,44.4
29,0.09415676164450032,0.5054801548587943,0.09369617023251274,0.5437598343198355,45.1
30,0.09182584241475208,0.5127157419265892,0.093752305616032,0.4874682617560206,45.4
31,0.09058515941447551,0.5203987513327273,0.12035560675642708,0.5009667063402863,45.2
32,0.08897183540433941,0.5246283257098205,0.10745916244658557,0.5208904234712164,44.3
33,0.08493961998731783,0.5545883813171997,0.09356309202584354,0.2609255829464024,44.7
34,0.0832333517546701,0.5641413684738968,0.08547887477007779,0.4095699426676254,44.8
35,0.08059680432376296,0.5883206978184371,0.08432468162341551,0.45204241462976974,44.9
36,0.08050969147151059,0.5712976263979287,0.08268864994699304,0.488625020974232,45.0
37,0.07611297712762757,0.610448036730183,0.0972310101444071,0.4679671933928335,45.1
38,0.07906479395852231,0.5830525910995761,0.08878315849737688,0.28570071538200326,45.2
39,0.06894533823032191,0.6551032712348019,0.08151702108708295,0.5465386735881519,45.3
40,0.06549270864170377,0.6821163749474135,0.1082811721346595,0.11410288964472576,45.3
41,0.06405258436899373,0.6874552899641009,0.08969798548655077,0.414975713663708,45.2
42,0.058431592318091065,0.7246414563563144,0.08025876500389793,0.5425517122643773,44.3
43,0.058650342175866114,0.7154928086377554,0.0812126100063324,0.5180952939519684,44.7
44,0.05636290711636591,0.723532414816668,0.08938491208986803,0.5240898137615492,45.0
45,0.05794426466863934,0.7149162637908788,0.08260427550836043,0.5178033866758744,45.3
46,0.050391261419742414,0.760311915608955,0.08676418323408473,0.4986912582426811,45.2
47,0.04534004411042327,0.7961191735742555,0.10691883753646504,0.29631173345801304,44.5
48,0.04848183141929088,0.7722833652563705,0.08203992992639542,0.5167543837760482,45.1
49,0.04369582818581326,0.7969947189407022,0.0905552093278278,0.45640255793162093,45.6
50,0.043201452250232794,0.7922130766415729,0.09404600072990764,0.5056487845109907,44.8
